{
  "model_name": "coatnet",
  "feature_mode": "pyramid",
  "num_levels": 5,
  "level_results": [
    {
      "level_name": "level_0_stride_2",
      "complete_accuracy": 0.346,
      "partial_accuracy": 0.51,
      "roc_auc": 0.51267375,
      "mean_same_scene_similarity": 0.9322159904837608,
      "mean_diff_scene_similarity_a_n": 0.931148394882679,
      "mean_diff_scene_similarity_p_n": 0.9312044577002525,
      "mean_delta_ap_an": 0.001067595601081848,
      "mean_delta_ap_pn": 0.0010115327835083009,
      "avg_same_diff_delta": 0.0010395641922950744,
      "t_statistic_ap_an": 2.5239084897464648,
      "p_value_ap_an": 0.011759887092892293,
      "cohens_d_ap_an": 0.07985293078634904,
      "t_statistic_ap_pn": 2.3727150204997822,
      "p_value_ap_pn": 0.017846393286194997,
      "cohens_d_ap_pn": 0.07506938111164743
    },
    {
      "level_name": "level_1_stride_4",
      "complete_accuracy": 0.347,
      "partial_accuracy": 0.512,
      "roc_auc": 0.5145055000000001,
      "mean_same_scene_similarity": 0.7718658217191696,
      "mean_diff_scene_similarity_a_n": 0.7668507342934608,
      "mean_diff_scene_similarity_p_n": 0.7665745657682419,
      "mean_delta_ap_an": 0.005015087425708771,
      "mean_delta_ap_pn": 0.005291255950927734,
      "avg_same_diff_delta": 0.005153171688318253,
      "t_statistic_ap_an": 3.7915428278909684,
      "p_value_ap_an": 0.00015868817217998133,
      "cohens_d_ap_an": 0.11995910637769179,
      "t_statistic_ap_pn": 4.058759613043834,
      "p_value_ap_pn": 5.318629078972156e-05,
      "cohens_d_ap_pn": 0.1284134713185958
    },
    {
      "level_name": "level_2_stride_8",
      "complete_accuracy": 0.384,
      "partial_accuracy": 0.526,
      "roc_auc": 0.5266759999999999,
      "mean_same_scene_similarity": 0.9062497877478599,
      "mean_diff_scene_similarity_a_n": 0.9026698012948036,
      "mean_diff_scene_similarity_p_n": 0.9031414130926132,
      "mean_delta_ap_an": 0.0035799864530563353,
      "mean_delta_ap_pn": 0.0031083746552467346,
      "avg_same_diff_delta": 0.003344180554151535,
      "t_statistic_ap_an": 5.667783528374157,
      "p_value_ap_an": 1.8920362237140168e-08,
      "cohens_d_ap_an": 0.17932073513835473,
      "t_statistic_ap_pn": 4.762531583510094,
      "p_value_ap_pn": 2.1944030944908693e-06,
      "cohens_d_ap_pn": 0.15067983108374722
    },
    {
      "level_name": "level_3_stride_16",
      "complete_accuracy": 0.415,
      "partial_accuracy": 0.555,
      "roc_auc": 0.5585902500000001,
      "mean_same_scene_similarity": 0.9593290274143219,
      "mean_diff_scene_similarity_a_n": 0.9569886900782585,
      "mean_diff_scene_similarity_p_n": 0.9568866028785705,
      "mean_delta_ap_an": 0.002340337336063385,
      "mean_delta_ap_pn": 0.002442424535751343,
      "avg_same_diff_delta": 0.002391380935907364,
      "t_statistic_ap_an": 6.236092951354384,
      "p_value_ap_an": 6.611736175780815e-10,
      "cohens_d_ap_an": 0.19730124956779374,
      "t_statistic_ap_pn": 6.623950615754527,
      "p_value_ap_pn": 5.705149183018823e-11,
      "cohens_d_ap_pn": 0.20957252301376997
    },
    {
      "level_name": "level_4_stride_32",
      "complete_accuracy": 0.372,
      "partial_accuracy": 0.55,
      "roc_auc": 0.530324,
      "mean_same_scene_similarity": 0.9692389632463455,
      "mean_diff_scene_similarity_a_n": 0.9678056507110596,
      "mean_diff_scene_similarity_p_n": 0.9680095636844634,
      "mean_delta_ap_an": 0.0014333125352859496,
      "mean_delta_ap_pn": 0.001229399561882019,
      "avg_same_diff_delta": 0.0013313560485839844,
      "t_statistic_ap_an": 3.6350014623632085,
      "p_value_ap_an": 0.00029215140269831284,
      "cohens_d_ap_an": 0.11500635675246886,
      "t_statistic_ap_pn": 3.046108203418227,
      "p_value_ap_pn": 0.0023790859595554667,
      "cohens_d_ap_pn": 0.09637459857338966
    }
  ]
}