Level,Complete Accuracy,Partial Accuracy,ROC AUC,Cohen's d
level_0_stride_2,0.346,0.51,0.51267375,0.07985293078634904
level_1_stride_4,0.347,0.512,0.5145055000000001,0.11995910637769179
level_2_stride_8,0.384,0.526,0.5266759999999999,0.17932073513835473
level_3_stride_16,0.415,0.555,0.5585902500000001,0.19730124956779374
level_4_stride_32,0.372,0.55,0.530324,0.11500635675246886
