model_name,num_scenes,num_triplets,complete_accuracy,partial_accuracy,roc_auc,mean_same_scene_similarity,mean_diff_scene_similarity_a_n,mean_diff_scene_similarity_p_n,mean_delta_ap_an,mean_delta_ap_pn,avg_same_diff_delta,t_statistic_ap_an,p_value_ap_an,cohens_d_ap_an,t_statistic_ap_pn,p_value_ap_pn,cohens_d_ap_pn
deit,100,10000,0.4197,0.5741,0.5750522699999999,0.8481060965001583,0.8295688057214021,0.8295842307269573,0.01853729077875614,0.018521865773200988,0.018529578275978564,22.94566296875462,1.352528714087054e-113,0.22946810337956458,23.000001599439123,4.1230543295942585e-114,0.2300115168577629
