{
  "model_name": "deit",
  "num_scenes": 100,
  "num_triplets": 10000,
  "complete_accuracy": 0.4197,
  "partial_accuracy": 0.5741,
  "roc_auc": 0.5750522699999999,
  "mean_same_scene_similarity": 0.8481060965001583,
  "mean_diff_scene_similarity_a_n": 0.8295688057214021,
  "mean_diff_scene_similarity_p_n": 0.8295842307269573,
  "mean_delta_ap_an": 0.01853729077875614,
  "mean_delta_ap_pn": 0.018521865773200988,
  "avg_same_diff_delta": 0.018529578275978564,
  "t_statistic_ap_an": 22.94566296875462,
  "p_value_ap_an": 1.352528714087054e-113,
  "cohens_d_ap_an": 0.22946810337956458,
  "t_statistic_ap_pn": 23.000001599439123,
  "p_value_ap_pn": 4.1230543295942585e-114,
  "cohens_d_ap_pn": 0.2300115168577629
}