model_name,num_scenes,num_triplets,complete_accuracy,partial_accuracy,roc_auc,mean_same_scene_similarity,mean_diff_scene_similarity_a_n,mean_diff_scene_similarity_p_n,mean_delta_ap_an,mean_delta_ap_pn,avg_same_diff_delta,t_statistic_ap_an,p_value_ap_an,cohens_d_ap_an,t_statistic_ap_pn,p_value_ap_pn,cohens_d_ap_pn
efficientnet,100,10000,0.4905,0.6235,0.6202164075000001,0.8605465442478657,0.8324065143883228,0.8328348242819309,0.028140029859542847,0.027711719965934755,0.0279258749127388,34.400285269870615,3.3516692922924365e-245,0.3440200541314592,33.721210488116554,3.417798099484026e-236,0.3372289667510604
