Level,Complete Accuracy,Partial Accuracy,ROC AUC,Cohen's d
level_0_stride_2,0.333,0.506,0.511613,0.07703167113811722
level_1_stride_4,0.364,0.529,0.49880749999999996,0.09155943967599384
level_2_stride_8,0.395,0.545,0.545145,0.18304620237994007
level_3_stride_16,0.368,0.534,0.5272025,0.17781515194284325
level_4_stride_32,0.395,0.549,0.5581305,0.23338078076304805
