model_name,num_scenes,num_triplets,complete_accuracy,partial_accuracy,roc_auc,mean_same_scene_similarity,mean_diff_scene_similarity_a_n,mean_diff_scene_similarity_p_n,mean_delta_ap_an,mean_delta_ap_pn,avg_same_diff_delta,t_statistic_ap_an,p_value_ap_an,cohens_d_ap_an,t_statistic_ap_pn,p_value_ap_pn,cohens_d_ap_pn
resnet50,5,100,0.47,0.61,0.5683999999999999,0.5079033461213112,0.45940241336822507,0.45929451793432235,0.04850093275308609,0.048608828186988834,0.04855488047003746,3.10007413703139,0.0025196215735897374,0.31156917378236154,3.1830421427210758,0.0019479223007442962,0.3199077720998391
