{
  "model_name": "resnet50",
  "feature_mode": "pyramid",
  "num_levels": 5,
  "level_results": [
    {
      "level_name": "level_0_stride_2",
      "complete_accuracy": 0.333,
      "partial_accuracy": 0.506,
      "roc_auc": 0.511613,
      "mean_same_scene_similarity": 0.9972435314059257,
      "mean_diff_scene_similarity_a_n": 0.9971820731163025,
      "mean_diff_scene_similarity_p_n": 0.9971902101039887,
      "mean_delta_ap_an": 6.14582896232605e-05,
      "mean_delta_ap_pn": 5.332130193710327e-05,
      "avg_same_diff_delta": 5.7389795780181885e-05,
      "t_statistic_ap_an": 2.434737045344468,
      "p_value_ap_an": 0.015076810539094203,
      "cohens_d_ap_an": 0.07703167113811722,
      "t_statistic_ap_pn": 2.0674593147469893,
      "p_value_ap_pn": 0.03894795305229264,
      "cohens_d_ap_pn": 0.06541151798283625
    },
    {
      "level_name": "level_1_stride_4",
      "complete_accuracy": 0.364,
      "partial_accuracy": 0.529,
      "roc_auc": 0.49880749999999996,
      "mean_same_scene_similarity": 0.9621965621113777,
      "mean_diff_scene_similarity_a_n": 0.961568059206009,
      "mean_diff_scene_similarity_p_n": 0.9617461253404618,
      "mean_delta_ap_an": 0.000628502905368805,
      "mean_delta_ap_pn": 0.0004504367709159851,
      "avg_same_diff_delta": 0.000539469838142395,
      "t_statistic_ap_an": 2.893915662694435,
      "p_value_ap_an": 0.0038874152070775183,
      "cohens_d_ap_an": 0.09155943967599384,
      "t_statistic_ap_pn": 2.029569313774541,
      "p_value_ap_pn": 0.04266499857679839,
      "cohens_d_ap_pn": 0.06421273140343393
    },
    {
      "level_name": "level_2_stride_8",
      "complete_accuracy": 0.395,
      "partial_accuracy": 0.545,
      "roc_auc": 0.545145,
      "mean_same_scene_similarity": 0.8617212843894958,
      "mean_diff_scene_similarity_a_n": 0.8564744658470154,
      "mean_diff_scene_similarity_p_n": 0.8563478645086289,
      "mean_delta_ap_an": 0.005246818542480469,
      "mean_delta_ap_pn": 0.005373419880867004,
      "avg_same_diff_delta": 0.005310119211673737,
      "t_statistic_ap_an": 5.785534227148972,
      "p_value_ap_an": 9.665292114833868e-09,
      "cohens_d_ap_an": 0.18304620237994007,
      "t_statistic_ap_pn": 5.964926823101905,
      "p_value_ap_pn": 3.393343739249609e-09,
      "cohens_d_ap_pn": 0.1887219329408575
    },
    {
      "level_name": "level_3_stride_16",
      "complete_accuracy": 0.368,
      "partial_accuracy": 0.534,
      "roc_auc": 0.5272025,
      "mean_same_scene_similarity": 0.7988615587949753,
      "mean_diff_scene_similarity_a_n": 0.7894885166883469,
      "mean_diff_scene_similarity_p_n": 0.7917664475440979,
      "mean_delta_ap_an": 0.009373042106628418,
      "mean_delta_ap_pn": 0.007095111250877381,
      "avg_same_diff_delta": 0.0082340766787529,
      "t_statistic_ap_an": 5.620196618642089,
      "p_value_ap_an": 2.4735253856958943e-08,
      "cohens_d_ap_an": 0.17781515194284325,
      "t_statistic_ap_pn": 4.113264353084499,
      "p_value_ap_pn": 4.221986077688926e-05,
      "cohens_d_ap_pn": 0.1301379249791294
    },
    {
      "level_name": "level_4_stride_32",
      "complete_accuracy": 0.395,
      "partial_accuracy": 0.549,
      "roc_auc": 0.5581305,
      "mean_same_scene_similarity": 0.5005769175589084,
      "mean_diff_scene_similarity_a_n": 0.4696753127872944,
      "mean_diff_scene_similarity_p_n": 0.47291799312829974,
      "mean_delta_ap_an": 0.030901604771614074,
      "mean_delta_ap_pn": 0.027658924430608748,
      "avg_same_diff_delta": 0.02928026460111141,
      "t_statistic_ap_an": 7.376457296069727,
      "p_value_ap_an": 3.4117265999405045e-13,
      "cohens_d_ap_an": 0.23338078076304805,
      "t_statistic_ap_pn": 6.445253836854686,
      "p_value_ap_pn": 1.7926555725917322e-10,
      "cohens_d_ap_pn": 0.20391880713016997
    }
  ]
}