Level,Complete Accuracy,Partial Accuracy,ROC AUC,Cohen's d
level_0_stride_4,0.4,0.52,0.49745000000000006,0.06336792238660648
level_1_stride_8,0.3,0.45,0.5144000000000001,0.011249991010656112
level_2_stride_16,0.32,0.47,0.49585,0.03320170914478846
level_3_stride_32,0.48,0.62,0.631,0.4023414821256585
