{
  "model_name": "tiny",
  "feature_mode": "pyramid",
  "num_levels": 4,
  "level_results": [
    {
      "level_name": "level_0_stride_4",
      "complete_accuracy": 0.4,
      "partial_accuracy": 0.52,
      "roc_auc": 0.49745000000000006,
      "mean_same_scene_similarity": 0.921200180053711,
      "mean_diff_scene_similarity_a_n": 0.9206254780292511,
      "mean_diff_scene_similarity_p_n": 0.9218446302413941,
      "mean_delta_ap_an": 0.0005747020244598388,
      "mean_delta_ap_pn": -0.0006444501876831055,
      "avg_same_diff_delta": -3.48740816116333e-05,
      "t_statistic_ap_an": 0.6305028669022079,
      "p_value_ap_an": 0.5298183847926516,
      "cohens_d_ap_an": 0.06336792238660648,
      "t_statistic_ap_pn": -0.6281129700567056,
      "p_value_ap_pn": 0.5313762526397577,
      "cohens_d_ap_pn": -0.06312772871617663
    },
    {
      "level_name": "level_1_stride_8",
      "complete_accuracy": 0.3,
      "partial_accuracy": 0.45,
      "roc_auc": 0.5144000000000001,
      "mean_same_scene_similarity": 0.6301778012514114,
      "mean_diff_scene_similarity_a_n": 0.6293656152486801,
      "mean_diff_scene_similarity_p_n": 0.6240059214830399,
      "mean_delta_ap_an": 0.0008121860027313232,
      "mean_delta_ap_pn": 0.006171879768371582,
      "avg_same_diff_delta": 0.0034920328855514524,
      "t_statistic_ap_an": 0.11193599723165239,
      "p_value_ap_an": 0.9111007967858914,
      "cohens_d_ap_an": 0.011249991010656112,
      "t_statistic_ap_pn": 0.9027261514580496,
      "p_value_ap_pn": 0.3688624414545849,
      "cohens_d_ap_pn": 0.09072739190387547
    },
    {
      "level_name": "level_2_stride_16",
      "complete_accuracy": 0.32,
      "partial_accuracy": 0.47,
      "roc_auc": 0.49585,
      "mean_same_scene_similarity": 0.8873226422071457,
      "mean_diff_scene_similarity_a_n": 0.8864834517240524,
      "mean_diff_scene_similarity_p_n": 0.8884147542715073,
      "mean_delta_ap_an": 0.0008391904830932618,
      "mean_delta_ap_pn": -0.0010921120643615722,
      "avg_same_diff_delta": -0.00012646079063415526,
      "t_statistic_ap_an": 0.33035283489532496,
      "p_value_ap_an": 0.7418314539197386,
      "cohens_d_ap_an": 0.03320170914478846,
      "t_statistic_ap_pn": -0.430379819518475,
      "p_value_ap_pn": 0.6678548446344674,
      "cohens_d_ap_pn": -0.0432547993540502
    },
    {
      "level_name": "level_3_stride_32",
      "complete_accuracy": 0.48,
      "partial_accuracy": 0.62,
      "roc_auc": 0.631,
      "mean_same_scene_similarity": 0.9857856923341751,
      "mean_diff_scene_similarity_a_n": 0.9831992679834366,
      "mean_diff_scene_similarity_p_n": 0.9834749370813369,
      "mean_delta_ap_an": 0.0025864243507385254,
      "mean_delta_ap_pn": 0.002310755252838135,
      "avg_same_diff_delta": 0.00244858980178833,
      "t_statistic_ap_an": 4.003247201418878,
      "p_value_ap_an": 0.00012081679963779964,
      "cohens_d_ap_an": 0.4023414821256585,
      "t_statistic_ap_pn": 3.5786353868954146,
      "p_value_ap_pn": 0.00053676658930319,
      "cohens_d_ap_pn": 0.3596663890854673
    }
  ]
}